epsilon,sigma,n_align,n_test,rouge_l_precision,rouge_l_recall,rouge_l_f1,content_precision,content_recall,content_f1,fit_seconds
1,4.844805262605389,1000,2000,0.3505099372849373,0.08000770625346439,0.12717055180512232,0.07945833333333333,0.0029883017209577363,0.005709702895807432,9.9
1,4.844805262605389,10000,2000,0.35751368353868357,0.08128838108034088,0.12936876801456337,0.11041666666666668,0.004003180819650555,0.007660215906512267,80.0
2,2.4224026313026945,1000,2000,0.3482926573426573,0.0798271543633918,0.12681520416583336,0.07404166666666667,0.002839146863701158,0.0054043082725166195,9.8
2,2.4224026313026945,10000,2000,0.3573760628260628,0.08104435447896158,0.1290096149968697,0.10225,0.003794226237124159,0.007245351238791958,79.7
5,0.9689610525210778,1000,2000,0.3501255133755134,0.08006321075578576,0.12724717705640054,0.07358333333333333,0.0027925999765665405,0.005309514586898264,9.4
5,0.9689610525210778,10000,2000,0.35869392551892554,0.0814718345439892,0.12968619474412602,0.10404166666666667,0.0037252378545945676,0.007133107449650177,79.7
10,0.4844805262605389,1000,2000,0.3537123765123765,0.08034290722545942,0.12785108344298565,0.07768333333333334,0.003110604416683957,0.005898622504291581,9.8
10,0.4844805262605389,10000,2000,0.35825151237651237,0.08094754989355171,0.12900964471471593,0.10566666666666667,0.0038780180809503003,0.007421927319144705,79.9
20,0.24224026313026945,1000,2000,0.3530188422688423,0.08064858353122598,0.1282131099665162,0.09083333333333334,0.003583589545902337,0.006827433290888533,9.6
20,0.24224026313026945,10000,2000,0.35923580586080583,0.08211606576100297,0.13054172671815534,0.12058333333333333,0.004496861117156565,0.008597076046097439,79.9
50,0.09689610525210778,1000,2000,0.36162766955266956,0.08232191230806933,0.1310054290539495,0.09784545454545454,0.0040794909377760875,0.007671665094523593,9.6
50,0.09689610525210778,10000,2000,0.36930997335997334,0.0858587114394008,0.1360954318206926,0.22185,0.011738732838155118,0.021873359063283224,79.7
100,0.04844805262605389,1000,2000,0.3688249333999334,0.08433788295800186,0.13415712612397612,0.15305476190476192,0.006938891428199724,0.01304096696693267,10.0
100,0.04844805262605389,10000,2000,0.38690874958374954,0.09156985424300097,0.14458048143150456,0.3927047619047619,0.029489867129537047,0.05328103893246392,79.8
200,0.024224026313026944,1000,2000,0.37385594683094686,0.0860909358126505,0.13675248194958625,0.1797642857142857,0.009368549804702161,0.01737878633972901,9.5
200,0.024224026313026944,10000,2000,0.3999593656343656,0.09628651314227915,0.15139988337031615,0.4470468253968254,0.04313286136932338,0.07607501136862656,79.7
25,0.19379221050421555,1000,2000,0.3548433177933178,0.08091540799049839,0.12869430543393082,0.08516666666666667,0.0034687968102279907,0.006579548154116663,9.8
25,0.19379221050421555,10000,2000,0.3608563131313131,0.08253591776084271,0.13126025554631965,0.13816666666666666,0.00535286249381019,0.010194358346127648,80.2
30,0.16149350875351295,1000,2000,0.3547797175047175,0.08075279962042968,0.12848376818295135,0.08172499999999999,0.003433433665286799,0.006481428273189581,10.0
30,0.16149350875351295,10000,2000,0.36505587606837603,0.08334633164143186,0.13248455569369375,0.14142500000000002,0.00598080944009028,0.01130235493746315,80.3
40,0.12112013156513472,1000,2000,0.3590473914973915,0.08171112100020017,0.1299966271338183,0.09843333333333333,0.003885773396155232,0.007374273575293558,9.5
40,0.12112013156513472,10000,2000,0.36615837495837494,0.0845862755597744,0.13422477248243295,0.18061666666666668,0.00836910070694335,0.01575160218275354,80.2
