epsilon,sigma,rouge_l_precision,content_precision,recall_at_5,recall_at_10,ndcg_at_10
1,4.844805262605389,0.32100584720834724,0.09809650793650793,0.0,0.0,0.0
2,2.4224026313026945,0.32228740537240536,0.09613761904761904,0.0,0.0,0.0
5,0.9689610525210778,0.32410598734598733,0.09531452380952381,0.005,0.015,0.0056718166449865725
10,0.4844805262605389,0.3283103382728383,0.10315349206349206,0.03,0.04,0.01727764502314341
20,0.24224026313026945,0.3332484312909313,0.12053452380952381,0.195,0.28,0.1654941987671089
50,0.09689610525210778,0.3555411815961816,0.22821726190476188,0.72,0.89,0.5640096155680846
100,0.04844805262605389,0.3922187207237207,0.4486181349206349,0.83,0.935,0.6272560723063034
200,0.024224026313026944,0.41313300657675656,0.48406756132756135,0.895,0.955,0.6725126045853945
500,0.009689610525210777,0.41906248362748366,0.4749424356199356,0.875,0.965,0.6670862773843522
inf,0.0,0.4199712698412698,0.47122798396048393,0.885,0.97,0.6669849380528151
25,0.19379221050421555,0.3367725224775225,0.13033142857142857,0.295,0.38,0.24869395649114398
30,0.16149350875351295,0.3411875074925075,0.14674833333333334,0.415,0.575,0.3466789325584882
40,0.12112013156513472,0.34786505106005106,0.1777097619047619,0.61,0.74,0.4620224130348878
