corpus,encoder,n_align,attacker,rouge_l_precision,rouge_l_recall,rouge_l_f1,content_precision,content_recall,content_f1
msmarco32,minilm,50,linearprobe,0.14728541736041736,0.08022413314964418,0.10298487951222064,0.023543073593073595,0.008764729061787886,0.012135845282529896
msmarco32,minilm,200,linearprobe,0.22254945054945055,0.11782826679686713,0.15292205608518325,0.11766666666666667,0.019164313215164607,0.03169869165174725
msmarco32,minilm,1000,linearprobe,0.2429950826950827,0.12309865779014559,0.16232089170864591,0.1837666666666667,0.023314185728272416,0.040052886580871506
msmarco32,minilm,2000,linearprobe,0.2493590021090021,0.12696938514187694,0.16708292348214243,0.21326666666666666,0.029873093338139103,0.05061132902708485
msmarco32,minilm,2000,floor_frequent_tokens,0.23745454545454545,0.11240609710775654,0.151598805611338,0.0,0.0,0.0
msmarco32,minilm,2000,floor_frequent_content_words,0.06266666666666666,0.016582751621463748,0.026082351023508667,0.06266666666666666,0.027748570028631275,0.03815975343606825
msmarco32,mpnet,50,linearprobe,0.1941235653235653,0.10557866697372435,0.13580356420388706,0.052960317460317465,0.008530034925963045,0.013987137183422012
msmarco32,mpnet,200,linearprobe,0.24070395160395158,0.12418539637824456,0.16271239677384453,0.11706666666666667,0.014399703727644904,0.02517104933250444
msmarco32,mpnet,1000,linearprobe,0.2449467698967699,0.12296918151765075,0.1627373046391124,0.1454,0.01754665081220809,0.030674511516212956
msmarco32,mpnet,2000,linearprobe,0.25446029526029523,0.12956043225017955,0.17068344796811924,0.1830047619047619,0.02711503169173448,0.04621065862242333
msmarco32,mpnet,2000,floor_frequent_tokens,0.23745454545454545,0.11240609710775654,0.151598805611338,0.0,0.0,0.0
msmarco32,mpnet,2000,floor_frequent_content_words,0.06266666666666666,0.016582751621463748,0.026082351023508667,0.06266666666666666,0.027748570028631275,0.03815975343606825
msmarco32,gtr,50,linearprobe,0.21712703962703964,0.11812942203004105,0.15188337969056048,0.068,0.005240958714488126,0.009701693971663011
msmarco32,gtr,200,linearprobe,0.24077342657342657,0.1236471965651635,0.16229477088682132,0.102,0.007623741632053653,0.014153921551444772
msmarco32,gtr,1000,linearprobe,0.24403505383505383,0.12075971027791556,0.16055360147368422,0.10533333333333333,0.009937904593275437,0.01794441030245984
msmarco32,gtr,2000,linearprobe,0.2523004884004884,0.12720347481189745,0.16807141537876155,0.16213333333333332,0.01877526620826863,0.03295857102993326
msmarco32,gtr,2000,floor_frequent_tokens,0.23745454545454545,0.11240609710775654,0.151598805611338,0.0,0.0,0.0
msmarco32,gtr,2000,floor_frequent_content_words,0.06266666666666666,0.016582751621463748,0.026082351023508667,0.06266666666666666,0.027748570028631275,0.03815975343606825
msmarco32,bge,50,linearprobe,0.21531568431568432,0.11684147250039663,0.1503641321938957,0.07,0.005256557005086417,0.009751273803595785
msmarco32,bge,200,linearprobe,0.243,0.12337979649501107,0.16262859515187042,0.079,0.006345515120003612,0.011686887364441545
msmarco32,bge,1000,linearprobe,0.24776892551892551,0.12353318315174111,0.16388499698353173,0.12533333333333332,0.011462924954750906,0.02075439106473162
msmarco32,bge,2000,linearprobe,0.2585053946053946,0.1317385760469502,0.17354116940969563,0.19269999999999998,0.024312591421754834,0.04211293307924483
msmarco32,bge,2000,floor_frequent_tokens,0.23745454545454545,0.11240609710775654,0.151598805611338,0.0,0.0,0.0
msmarco32,bge,2000,floor_frequent_content_words,0.06266666666666666,0.016582751621463748,0.026082351023508667,0.06266666666666666,0.027748570028631275,0.03815975343606825
nq32,minilm,50,linearprobe,0.14463597513597515,0.07703381672244168,0.09919335779847545,0.052702353202353204,0.01915348850495909,0.026668200137442383
nq32,minilm,200,linearprobe,0.24055620213120213,0.12566413096787143,0.16311607397414749,0.21494848484848483,0.04434285790748639,0.06984149782913278
nq32,minilm,1000,linearprobe,0.27935978465978467,0.14423778223900238,0.18815538044776192,0.33846984126984125,0.05775816093950769,0.0945935551704942
nq32,minilm,2000,linearprobe,0.2955179154179154,0.1512629364575301,0.19798037136753827,0.4003904761904762,0.07005097788348563,0.114232763025999
nq32,minilm,2000,floor_frequent_tokens,0.2622,0.11734008734579915,0.16076682862934835,0.162,0.011462460329488193,0.02136852344422004
nq32,minilm,2000,floor_frequent_content_words,0.07266666666666666,0.019537047876539117,0.030575259612347323,0.07266666666666666,0.030619764248479422,0.04278498488150797
nq32,mpnet,50,linearprobe,0.21932089577089575,0.10973930441474036,0.14446712867618164,0.1078952380952381,0.020943325095956672,0.033295184610935044
nq32,mpnet,200,linearprobe,0.2543521201021201,0.12565559299831677,0.16640328547529015,0.189,0.02645500699850545,0.044691022592220596
nq32,mpnet,1000,linearprobe,0.27311351426351427,0.13721098341482393,0.180940380682081,0.2703,0.03588579417658365,0.06133851077132138
nq32,mpnet,2000,linearprobe,0.28980400155400154,0.14873188745528718,0.1946095723929617,0.35570476190476186,0.05800273817170102,0.09557843858553913
nq32,mpnet,2000,floor_frequent_tokens,0.2622,0.11734008734579915,0.16076682862934835,0.162,0.011462460329488193,0.02136852344422004
nq32,mpnet,2000,floor_frequent_content_words,0.07266666666666666,0.019537047876539117,0.030575259612347323,0.07266666666666666,0.030619764248479422,0.04278498488150797
nq32,gtr,50,linearprobe,0.25662979797979796,0.1095813646729809,0.15216244936011883,0.052,0.0037181510869591363,0.006918432616575032
nq32,gtr,200,linearprobe,0.25475454545454546,0.11799121196329426,0.1598805076015487,0.164,0.011720793662821525,0.02182603978408932
nq32,gtr,1000,linearprobe,0.2732201687201687,0.13300212661257146,0.17730398933701602,0.22033333333333335,0.026464749414672015,0.046216669071494756
nq32,gtr,2000,linearprobe,0.28775730935730937,0.14334155699331974,0.189593200249567,0.32593333333333335,0.0441715564535224,0.07553356355733527
nq32,gtr,2000,floor_frequent_tokens,0.2622,0.11734008734579915,0.16076682862934835,0.162,0.011462460329488193,0.02136852344422004
nq32,gtr,2000,floor_frequent_content_words,0.07266666666666666,0.019537047876539117,0.030575259612347323,0.07266666666666666,0.030619764248479422,0.04278498488150797
nq32,bge,50,linearprobe,0.260410606060606,0.10969592637778336,0.15295687533385244,0.046,0.003428681286034227,0.006363636930664795
nq32,bge,200,linearprobe,0.2550919191919192,0.11837341475135872,0.16029929274405766,0.17466666666666666,0.013714791331819196,0.025173347619013253
nq32,bge,1000,linearprobe,0.27432415362415363,0.1337425365246209,0.17818155571287633,0.24316666666666667,0.029606119886305647,0.05157069615895838
nq32,bge,2000,linearprobe,0.28998175158175155,0.1461363387609116,0.19252776281302078,0.32223333333333337,0.05004850295043794,0.08386141693740967
nq32,bge,2000,floor_frequent_tokens,0.2622,0.11734008734579915,0.16076682862934835,0.162,0.011462460329488193,0.02136852344422004
nq32,bge,2000,floor_frequent_content_words,0.07266666666666666,0.019537047876539117,0.030575259612347323,0.07266666666666666,0.030619764248479422,0.04278498488150797
