dataset,encoder,n_align,n_test,rouge_l_precision,rouge_l_recall,rouge_l_f1,content_precision,content_recall,content_f1
msmarco32,bge,1000,500,0.18012927570933426,0.1753413395021297,0.17662185139536252,0.11856456958074606,0.09993985541424968,0.10718205860854217
msmarco32,bge,200,500,0.14711868775969597,0.1433136371774887,0.1441847471510052,0.06927586743322037,0.056875198242178994,0.061675854746531
msmarco32,bge,2000,500,0.1965740566080845,0.19141210474268566,0.19285997654795228,0.14472894641478232,0.12437701345744487,0.1324356093401342
msmarco32,bge,50,500,0.12512574243306038,0.1186988665129764,0.12094813108174542,0.029723470973470972,0.022089089659910095,0.025018462952380544
msmarco32,gtr,1000,500,0.18884299610872224,0.18302395671688915,0.18490073790029354,0.13587079032079033,0.11424858812460778,0.12296050583429473
msmarco32,gtr,200,500,0.1441551638794592,0.13900056068287592,0.14054934490154034,0.06307364857364858,0.05081785745214538,0.055544862480973255
msmarco32,gtr,2000,500,0.20412655724124393,0.1975527339799144,0.19978813574574522,0.15238621509209743,0.13103607343509754,0.13975022875328996
msmarco32,gtr,50,500,0.12283760370024874,0.11840553989974642,0.11969120145902731,0.029775308025308023,0.022175053326446516,0.025108523719460634
msmarco32,minilm,1000,500,0.17160992371686137,0.1610085898650279,0.1648509290455353,0.11521485546617126,0.09591782266282199,0.10356757540770944
msmarco32,minilm,200,500,0.13991007319441756,0.13160036531586444,0.13418193414463034,0.07051597732333026,0.059461919286872174,0.06357791858572434
msmarco32,minilm,2000,500,0.18239076616397518,0.17261613339253062,0.17602048998566658,0.12580303160891396,0.1077406544260394,0.11481286473853375
msmarco32,minilm,50,500,0.11602233306691885,0.10418524841462756,0.10848409617732595,0.03842838713574007,0.02977523749040777,0.032897530565026256
msmarco32,mpnet,1000,500,0.18657483291011895,0.1795918204804535,0.18188198912145045,0.1229738583569853,0.1053369980377081,0.11236533184932457
msmarco32,mpnet,200,500,0.1471452416143505,0.14051074875673802,0.14257760153606086,0.07438386042062513,0.062193362425328365,0.06702551590839427
msmarco32,mpnet,2000,500,0.19371112314765726,0.1873147831235064,0.18950249876799052,0.13415925202248732,0.11835604247795996,0.1246022729949601
msmarco32,mpnet,50,500,0.12126720729314068,0.11196480464929266,0.11540056706838622,0.03236930096047743,0.026042808020190572,0.028461825536434483
nq32,bge,1000,500,0.17851790315276922,0.17785656254308407,0.1766746869524787,0.11123734544609158,0.09982415322036065,0.10406038885334991
nq32,bge,200,500,0.15690852246652556,0.15509224727821957,0.15452639567849794,0.07243439893439893,0.0636347195546112,0.06698640207312856
nq32,bge,2000,500,0.18933333732185664,0.18951759402441984,0.1878555604244856,0.1256225403681286,0.11301754430639879,0.11787319675493935
nq32,bge,50,500,0.1395612695819608,0.13848346052966284,0.13762764316502046,0.03959103119103119,0.03249074404267903,0.03524349205588438
nq32,gtr,1000,500,0.18785464182833872,0.18826964057838075,0.18627324046903868,0.1224338122661652,0.11041992452851586,0.11469609056383256
nq32,gtr,200,500,0.16001196591379188,0.157223502617442,0.1570818710418152,0.07482905982905982,0.06431853937256414,0.06835139887657977
nq32,gtr,2000,500,0.19586907091523204,0.19488530000037688,0.19358092708343272,0.1372896582175994,0.12394080050496459,0.1287430628098181
nq32,gtr,50,500,0.1371941736860528,0.1373790785955574,0.135906675387104,0.040299830724830725,0.032977902601354615,0.035823425977837046
nq32,minilm,1000,500,0.17690533662660488,0.1744873927574495,0.1738760386210436,0.11224614927556104,0.10144874922119504,0.10531043166333814
nq32,minilm,200,500,0.14917373170743745,0.14376042050481877,0.144303054170606,0.07566502087523759,0.06764693001357087,0.06995177572138118
nq32,minilm,2000,500,0.18778583692592038,0.18600298401415089,0.18507749140619337,0.12404704701902844,0.11033996649205628,0.11545720524924634
nq32,minilm,50,500,0.12935239913823035,0.12069899223315264,0.12288114839733179,0.047162245795140535,0.04019480146616369,0.042586754176502754
nq32,mpnet,1000,500,0.18318562715424316,0.1822837069500815,0.18111292405649695,0.11765255545108487,0.10642682270429948,0.11047711610165625
nq32,mpnet,200,500,0.15943093390708143,0.1567923406034534,0.15649217311304814,0.07890474476503888,0.0700268411155408,0.07327420740785145
nq32,mpnet,2000,500,0.19223768821991735,0.1924849026943846,0.19057684817270948,0.12859123859456675,0.1173724598243174,0.1211669889386522
nq32,mpnet,50,500,0.13902041959307002,0.1373189423044513,0.1366490654566624,0.05348833992804581,0.04542683545384783,0.04841720878080563
