encoder,source,target,n_align,seed,n_test,rouge_l_precision,rouge_l_recall,rouge_l_f1,content_precision,content_recall,content_f1,fit_seconds
minilm,msmarco,msmarco,200,0,2000,0.352903798978799,0.08144388448515406,0.1294113394358564,0.14070238095238097,0.007992271593046035,0.014727390608303853,3.7
minilm,msmarco,msmarco,200,1,2000,0.3318490946553446,0.0796155343144512,0.12536940968779886,0.15849767316017316,0.010251003902783436,0.01868963857205796,3.3
minilm,msmarco,msmarco,200,2,2000,0.3432107926795427,0.07859770006123523,0.12504798959107802,0.13133333333333333,0.008208006723330042,0.014993006833475628,3.3
minilm,msmarco,msmarco,1000,0,2000,0.374152109002109,0.08644721309918778,0.1372579692969592,0.20703333333333332,0.010702993631628525,0.019919399637370494,9.5
minilm,msmarco,msmarco,1000,1,2000,0.37044623987123987,0.08491962371790021,0.13501956714624624,0.2145482142857143,0.012086675597641969,0.022418056223804207,10.0
minilm,msmarco,msmarco,1000,2,2000,0.3748662275224775,0.08680112816542339,0.13769939251945354,0.22719626623376624,0.0120196832884206,0.022309141541452675,9.5
minilm,msmarco,msmarco,5000,0,2000,0.39069757187257187,0.09094454559290205,0.14404613733052885,0.3797630952380952,0.027712490418339113,0.050175768876178056,40.7
minilm,msmarco,msmarco,5000,1,2000,0.3935975163725164,0.09249482910406391,0.14627006779817853,0.38726785714285716,0.02853732864007036,0.05166413988369805,40.8
minilm,msmarco,msmarco,5000,2,2000,0.3884920884670885,0.09107909083210429,0.14403682620050967,0.3742857142857143,0.02707862835486539,0.04910269913572291,41.0
minilm,msmarco,nq,200,0,2000,0.3716878891941392,0.06697207109815334,0.10452693254211926,0.12584107142857143,0.004915421957706755,0.009104208992624924,3.3
minilm,msmarco,nq,200,1,2000,0.3606340347152847,0.06528785587031417,0.10157261380557997,0.17078157120657123,0.008164512072711466,0.014748954274915313,3.3
minilm,msmarco,nq,200,2,2000,0.35915363525363525,0.06330051793544819,0.09924357687908382,0.1237637085137085,0.006500543935661543,0.011755197913104599,3.5
minilm,msmarco,nq,1000,0,2000,0.40314196914196915,0.07132573847719664,0.11175240802516737,0.24019843073593075,0.009977989777861926,0.018112392218064,9.7
minilm,msmarco,nq,1000,1,2000,0.39835135975135977,0.06964696934419198,0.10894006966951816,0.2179805916305916,0.01020743461873345,0.018519046460212803,9.4
minilm,msmarco,nq,1000,2,2000,0.3975710893273393,0.06983456562004255,0.10927821833852726,0.2538414072039072,0.010820110402509563,0.019582858731542658,9.8
minilm,msmarco,nq,5000,0,2000,0.42055152347652347,0.07451395056274478,0.11626158235693311,0.3314904761904762,0.017700195266065033,0.031236684829734847,40.6
minilm,msmarco,nq,5000,1,2000,0.4227440073815074,0.07552935515037458,0.11768883854549221,0.3536059523809524,0.01835187465793257,0.0324623257015757,41.0
minilm,msmarco,nq,5000,2,2000,0.42056981906981905,0.07483979722234764,0.11641992205990659,0.34406071428571433,0.018422836750498536,0.03280492486559448,40.8
minilm,nq,msmarco,200,0,2000,0.32351010517260514,0.06438145804569327,0.10513015694599573,0.08541053946053945,0.005011686515737172,0.009023042542567505,3.5
minilm,nq,msmarco,200,1,2000,0.33162398712398716,0.06968176203416276,0.11261368185172436,0.10442497502497503,0.005652117838401857,0.010366321486420683,3.6
minilm,nq,msmarco,200,2,2000,0.3460589486901987,0.06942775664149302,0.11316172365400722,0.10193793845043846,0.004943577250775768,0.009080475522343498,3.4
minilm,nq,msmarco,1000,0,2000,0.3653292922355423,0.07291508291927744,0.11894163960224184,0.12248296564546564,0.007254490547893667,0.01302878479356177,10.0
minilm,nq,msmarco,1000,1,2000,0.3640591124153624,0.07245764486575851,0.11823058559645694,0.12633787740037739,0.0075848672114942044,0.013668300793072912,10.2
minilm,nq,msmarco,1000,2,2000,0.3750223221223221,0.07366080549029971,0.12043147425956131,0.11453259934509934,0.006700791710995322,0.012075194991542887,10.3
minilm,nq,msmarco,5000,0,2000,0.3857123112998113,0.07923222318276,0.12846626282269136,0.2543424658674659,0.017522094147403695,0.03136241953128691,43.5
minilm,nq,msmarco,5000,1,2000,0.3852858419358419,0.07932310419720916,0.1285037483596271,0.24939190115440116,0.01783468830049768,0.03194987178094826,43.4
minilm,nq,msmarco,5000,2,2000,0.39251224608724605,0.08050489964260775,0.13058609168460977,0.263721626984127,0.018211802241041238,0.0325783302074539,43.3
minilm,nq,nq,200,0,2000,0.45747562090687094,0.06611739645399256,0.10726438320344162,0.26471926406926405,0.008087655286565753,0.015118525355688665,3.4
minilm,nq,nq,200,1,2000,0.4507429403929404,0.06848120024915309,0.10975631420094367,0.3195781746031746,0.0125166217646204,0.022499412405005387,3.5
minilm,nq,nq,200,2,2000,0.45414019591519594,0.06860213831147854,0.10989759696990378,0.25032847985347983,0.008605567206534328,0.01568534226605448,3.5
minilm,nq,nq,1000,0,2000,0.4763993645243645,0.07289655372320665,0.1167132054854281,0.29849325396825394,0.012291209810990668,0.022284304693916117,10.0
minilm,nq,nq,1000,1,2000,0.4808801628926629,0.07226754393257423,0.11579181326338764,0.34142261904761906,0.014306429924181564,0.02542975986421625,10.0
minilm,nq,nq,1000,2,2000,0.47936145937395935,0.0727745343808091,0.11656843141995606,0.3251378968253968,0.0133979542514625,0.02395168892529092,10.4
minilm,nq,nq,5000,0,2000,0.5041875083250084,0.08586991927418194,0.133086121061983,0.510370634920635,0.03954957888488883,0.06580929863526505,43.6
minilm,nq,nq,5000,1,2000,0.5078871489621489,0.0860116351093099,0.13374100119293064,0.5267688492063491,0.04117687827206082,0.06909572316799467,43.4
minilm,nq,nq,5000,2,2000,0.5105081654456655,0.08626249028999651,0.13423027464253565,0.5515047619047619,0.041649215862630665,0.06986847360771303,43.6
mpnet,msmarco,msmarco,200,0,2000,0.37989203851703857,0.08174261237612054,0.13162858255849932,0.08829166666666667,0.0031701840251836893,0.006055161715301736,5.1
mpnet,msmarco,msmarco,200,1,2000,0.3509203046953047,0.08234578680893945,0.13033366609204658,0.17698809523809525,0.008496692830508138,0.015962916001291017,4.8
mpnet,msmarco,msmarco,200,2,2000,0.36237701465201466,0.0804700223529788,0.12871272346243745,0.107,0.004859712256037965,0.009175229643344713,4.9
mpnet,msmarco,msmarco,1000,0,2000,0.38231029803529804,0.08691743342135366,0.13842744207739324,0.1723940476190476,0.008756459119707197,0.01636186097175723,15.9
mpnet,msmarco,msmarco,1000,1,2000,0.37300333000333,0.08494401919532799,0.1351699794424608,0.17629166666666665,0.009093113095462306,0.016953620851288393,16.3
mpnet,msmarco,msmarco,1000,2,2000,0.37949707514707515,0.08762631852012763,0.1390053429236054,0.20455555555555555,0.009789481232066086,0.018315914314169113,16.2
mpnet,msmarco,msmarco,5000,0,2000,0.3951559884559884,0.09315079454218504,0.1469837754751,0.36746527777777777,0.03205935184563114,0.056623688388346825,73.2
mpnet,msmarco,msmarco,5000,1,2000,0.3956502122877123,0.0940054146512667,0.14816590192420975,0.37763789682539683,0.032937414301585255,0.05818902531068273,73.1
mpnet,msmarco,msmarco,5000,2,2000,0.3948847915972916,0.09354455524298388,0.14751538109360227,0.36391210317460315,0.031404302393771635,0.05550048479690293,73.1
mpnet,msmarco,nq,200,0,2000,0.42536653485403486,0.06823344282946832,0.10843071223469282,0.0995,0.002448742090777574,0.004700758405576604,5.4
mpnet,msmarco,nq,200,1,2000,0.3988584831834832,0.06886409871864922,0.10789659785055115,0.2895833333333333,0.008159361033920707,0.015523245040741724,4.9
mpnet,msmarco,nq,200,2,2000,0.4073854464979465,0.06646900960930797,0.10548149740379481,0.15214166666666668,0.004680170008538955,0.008853436699072927,4.9
mpnet,msmarco,nq,1000,0,2000,0.4236364121989122,0.07101412007604409,0.11221262119115549,0.2692083333333333,0.007305271780447712,0.01385967069906366,16.3
mpnet,msmarco,nq,1000,1,2000,0.41739718892218897,0.07098769955995266,0.11180498279016353,0.25735,0.007317444850569672,0.01373448710886885,16.0
mpnet,msmarco,nq,1000,2,2000,0.41590450937950935,0.07083010626813235,0.11174568132693785,0.2915416666666667,0.00785790237132996,0.014980480210649587,15.9
mpnet,msmarco,nq,5000,0,2000,0.4299123633311133,0.07601079288371518,0.11844491771799348,0.335699044011544,0.017843538567477904,0.030839083902055812,79.6
mpnet,msmarco,nq,5000,1,2000,0.4323623556998557,0.0777938244739178,0.12061116125557754,0.3564613095238095,0.018522621536321074,0.0322978042166898,81.9
mpnet,msmarco,nq,5000,2,2000,0.425065447052947,0.07608606503485298,0.11798137026934667,0.3469789682539683,0.01813659679997253,0.031586853580856535,80.5
mpnet,nq,msmarco,200,0,2000,0.3755025335775336,0.06858994060875301,0.11359199423528844,0.10372878787878788,0.0034851798612480075,0.006681055811381762,5.6
mpnet,nq,msmarco,200,1,2000,0.3719085567210567,0.07257474673314517,0.11873981831410989,0.11261666666666666,0.004039047051559016,0.007715841979452201,5.4
mpnet,nq,msmarco,200,2,2000,0.3907988483738484,0.0762564669622359,0.12479175922982481,0.10082142857142858,0.0033743841126700124,0.006482061951186133,5.6
mpnet,nq,msmarco,1000,0,2000,0.37427443667443666,0.07355966752837856,0.12024984662788044,0.09559583888333889,0.005012111205872555,0.009188378715288567,17.6
mpnet,nq,msmarco,1000,1,2000,0.37529176934176933,0.07388092129744141,0.12066163153879059,0.08847318376068376,0.004675659418128063,0.008498968596486814,18.2
mpnet,nq,msmarco,1000,2,2000,0.38870204101454103,0.075679509788689,0.12383994592340422,0.08242563131313133,0.004131038012833222,0.007560074613304817,17.8
mpnet,nq,msmarco,5000,0,2000,0.3780479881229881,0.07904417647509944,0.127521174165529,0.23626840798090798,0.02255705662050156,0.038302717151811626,82.1
mpnet,nq,msmarco,5000,1,2000,0.3816734605672106,0.07963567761513063,0.12845972509356782,0.23831512654012652,0.022664931234230173,0.03857456822849545,84.8
mpnet,nq,msmarco,5000,2,2000,0.38939752261627264,0.08158912604424602,0.13155060988834097,0.2473804174991675,0.022543361576552425,0.03845908273316454,84.8
mpnet,nq,nq,200,0,2000,0.4757061868686869,0.06646624311647609,0.1081892091933266,0.2635416666666667,0.0060595084294833195,0.011631930396165167,5.5
mpnet,nq,nq,200,1,2000,0.4625822913197913,0.06744749781276965,0.10923004135471659,0.32293333333333335,0.008041917091143162,0.015315942902665044,5.6
mpnet,nq,nq,200,2,2000,0.45990115023865025,0.06806315512561051,0.10993197264234447,0.20941666666666667,0.005238659153739715,0.010011113300397476,5.6
mpnet,nq,nq,1000,0,2000,0.4777373473748474,0.0730424473232719,0.11677076760049258,0.2593880952380952,0.011694679269938297,0.020727395431049605,18.9
mpnet,nq,nq,1000,1,2000,0.4790956807081807,0.07174154138908642,0.11476267015247343,0.2909178571428571,0.012580673909289006,0.022049842686796113,18.3
mpnet,nq,nq,1000,2,2000,0.47685080058830054,0.07252127564029746,0.11622757340141293,0.28515972222222224,0.011469375230140886,0.020560505793898183,18.6
mpnet,nq,nq,5000,0,2000,0.5048398032523033,0.08830629858212044,0.1352556439231293,0.49672227633477634,0.045820094493512896,0.07137700145917311,85.5
mpnet,nq,nq,5000,1,2000,0.5111593566156066,0.08885119424127896,0.13635659176635495,0.5034091602841603,0.04667391468658628,0.07304594997331791,86.5
mpnet,nq,nq,5000,2,2000,0.511470091020091,0.08839062371560946,0.13620996940099867,0.5027033008658008,0.04609643891519082,0.07223396374649836,82.1
gtr,msmarco,msmarco,200,0,2000,0.3832860611610612,0.08025473082195653,0.13012966443666776,0.0,0.0,0.0,5.3
gtr,msmarco,msmarco,200,1,2000,0.34429411421911427,0.08024321699151309,0.12725933926992097,0.17441666666666666,0.005977643289710378,0.011487299482586255,5.1
gtr,msmarco,msmarco,200,2,2000,0.37646179098679095,0.07698238627388602,0.12525445718898431,0.026,0.0010408618360540926,0.0019817328921393896,5.3
gtr,msmarco,msmarco,1000,0,2000,0.37862327117327116,0.08539095165319081,0.13638211299953945,0.12275,0.004859865744481798,0.009245903551296496,17.0
gtr,msmarco,msmarco,1000,1,2000,0.3728348762348762,0.08288273607764025,0.13279072430155778,0.13641666666666666,0.005278091413774679,0.01006439879644725,17.1
gtr,msmarco,msmarco,1000,2,2000,0.38213035853035854,0.08624969069068793,0.1376392645483537,0.14816666666666667,0.005760916337961297,0.010966500328794442,17.0
gtr,msmarco,msmarco,5000,0,2000,0.3956269314019314,0.09181151555010435,0.1455310555599891,0.37296309523809523,0.02805774745004185,0.050319129772130926,78.6
gtr,msmarco,msmarco,5000,1,2000,0.3976961247086247,0.09330409598596018,0.14752540876326267,0.37857916666666663,0.02885558752279342,0.05169329262589393,78.7
gtr,msmarco,msmarco,5000,2,2000,0.3988968586968587,0.09303220421753224,0.14731456427949902,0.3896113095238095,0.028069026128119078,0.05066172233814697,79.1
gtr,msmarco,nq,200,0,2000,0.4323300865800866,0.0666343906985023,0.10689528858777507,0.0015,2.103174603174603e-05,4.1474212924606464e-05,5.3
gtr,msmarco,nq,200,1,2000,0.39171089743589743,0.06906361831537015,0.10810825104245804,0.33425,0.007465873571252334,0.014415746827911786,5.3
gtr,msmarco,nq,200,2,2000,0.42913659673659676,0.06424001242561964,0.10370064903449662,0.0135,0.00048331588989894696,0.0009167021587834957,5.3
gtr,msmarco,nq,1000,0,2000,0.42334663669663675,0.07073715943119549,0.11195110823206164,0.267,0.0066665089267159035,0.012742496123104638,17.0
gtr,msmarco,nq,1000,1,2000,0.4239346556221556,0.07014534307728604,0.11129648940591166,0.26408333333333334,0.006615052119631978,0.012670606793638175,17.1
gtr,msmarco,nq,1000,2,2000,0.4234538489288489,0.06997351674930558,0.11110974425683677,0.2821666666666667,0.007180932083826838,0.013760184910052185,17.5
gtr,msmarco,nq,5000,0,2000,0.43358056943056944,0.07486700429889805,0.11724312728515794,0.3305261904761905,0.014761991897535716,0.025966671210618616,79.0
gtr,msmarco,nq,5000,1,2000,0.4354249972249972,0.07703148612591285,0.1198654175527297,0.3537619047619048,0.016000661917672968,0.028246505704986002,78.8
gtr,msmarco,nq,5000,2,2000,0.4289338758463758,0.07452778118568903,0.1167296980744941,0.3425261904761905,0.014782725917632076,0.02637010474347571,79.8
gtr,nq,msmarco,200,0,2000,0.40514797979797984,0.06973557344945257,0.11672421873857224,0.1175,0.003620847143295183,0.006997704529314031,5.4
gtr,nq,msmarco,200,1,2000,0.3799842352092352,0.07290236610313927,0.11973195231464333,0.1545,0.005073458316531242,0.009767488176553653,5.2
gtr,nq,msmarco,200,2,2000,0.407977398989899,0.07558343718396074,0.12496910190382121,0.0725,0.002229852492394711,0.00430810079310076,5.2
gtr,nq,msmarco,1000,0,2000,0.39292897935397936,0.07395795133264278,0.12208650564914893,0.066,0.0023787885319477495,0.004550913265483306,17.5
gtr,nq,msmarco,1000,1,2000,0.3887563977688978,0.07324751741548376,0.12069638696920293,0.05425,0.0020026621911122867,0.003827811697402598,18.0
gtr,nq,msmarco,1000,2,2000,0.3993901515151515,0.07553318369527323,0.12441223671912932,0.05341666666666666,0.0018794443214892101,0.0035947617262405878,18.0
gtr,nq,msmarco,5000,0,2000,0.3902144369519369,0.07962443091105832,0.12931735366931663,0.18210833333333332,0.01148632163326282,0.020806364471393342,82.2
gtr,nq,msmarco,5000,1,2000,0.39516829836829837,0.0799909415051557,0.13010447423105564,0.18284999999999998,0.011558831680843616,0.020983496568686862,81.4
gtr,nq,msmarco,5000,2,2000,0.40219177489177493,0.08179449089548459,0.13292339426079433,0.19551845238095236,0.011937242240015392,0.02161760943854368,81.9
gtr,nq,nq,200,0,2000,0.49307083333333335,0.06586463572637885,0.10821971316949458,0.288,0.00620311370523668,0.012009240803296777,5.3
gtr,nq,nq,200,1,2000,0.46217348484848486,0.0668091412527553,0.1083325755382884,0.33,0.007304179385867562,0.01409150548471828,5.3
gtr,nq,nq,200,2,2000,0.4698162878787879,0.06719284191798186,0.10921643346067322,0.186,0.004064028301390049,0.007867930619483687,5.3
gtr,nq,nq,1000,0,2000,0.4799523851148851,0.07114199611018195,0.11484593677729016,0.19958333333333333,0.006772261465755092,0.012347721612089397,18.4
gtr,nq,nq,1000,1,2000,0.4768937631812632,0.06944790904990582,0.1120805891270259,0.23858333333333334,0.007145479383314263,0.013188502991711737,17.8
gtr,nq,nq,1000,2,2000,0.4789682262182262,0.07068909493258499,0.1141693656122002,0.22533333333333333,0.0073317956715787625,0.013496744720974962,19.0
gtr,nq,nq,5000,0,2000,0.5010551046176046,0.0858454720394125,0.13170656530336713,0.45477976190476194,0.03692960060402035,0.05834823435339175,87.0
gtr,nq,nq,5000,1,2000,0.5055870171495171,0.08538641816837327,0.1321490613836318,0.4679936507936508,0.036979747646515855,0.05942279422030405,86.0
gtr,nq,nq,5000,2,2000,0.5081920523920525,0.08545188313346436,0.1323421469613132,0.48474945887445886,0.037346492230014454,0.06045237336682359,84.5
bge,msmarco,msmarco,200,0,2000,0.3821322177822178,0.08093401220614425,0.13077160297958165,0.008,0.0002793962667623382,0.0005354607361938254,6.4
bge,msmarco,msmarco,200,1,2000,0.34830755910755906,0.08117993979244159,0.12877056250715524,0.16066666666666665,0.005727653810782091,0.010982611033701642,6.3
bge,msmarco,msmarco,200,2,2000,0.37648857253857254,0.07792639347819788,0.12648157169360233,0.052,0.0018974222820357298,0.0036230409552625597,6.3
bge,msmarco,msmarco,1000,0,2000,0.3798593267843268,0.08632310739979694,0.1374697461078174,0.145375,0.005818099167126587,0.011077693688373243,21.8
bge,msmarco,msmarco,1000,1,2000,0.3741762848262848,0.08402319321236106,0.1341910706168604,0.15133333333333335,0.006565821466586381,0.01241219054387031,21.6
bge,msmarco,msmarco,1000,2,2000,0.38139361194361193,0.08690991495676006,0.1383385023877946,0.16525,0.006360096459797587,0.012134722683085172,21.7
bge,msmarco,msmarco,5000,0,2000,0.398802688977689,0.09328718254716137,0.14755630655634228,0.41428035714285716,0.03313202665276026,0.05919347845452903,101.8
bge,msmarco,msmarco,5000,1,2000,0.4011618256743257,0.09491178885380537,0.14989510700019304,0.41555277777777777,0.0339513178860266,0.060609373480134655,102.1
bge,msmarco,msmarco,5000,2,2000,0.3998370851370851,0.0940713642873581,0.1486289334188493,0.41736607142857146,0.032488975925089744,0.05829944275959103,97.5
bge,msmarco,nq,200,0,2000,0.43053317238317235,0.06734964516921013,0.10785186602093466,0.0165,0.000293135701444617,0.000572099424715464,6.7
bge,msmarco,nq,200,1,2000,0.40270519480519484,0.06895162524625281,0.10851769791396322,0.31975,0.007119993009373143,0.013759067948254818,6.4
bge,msmarco,nq,200,2,2000,0.4274282051282052,0.06310096684160936,0.10203423335464944,0.026166666666666668,0.0009121007434632619,0.0017236960412470967,6.3
bge,msmarco,nq,1000,0,2000,0.427448371073371,0.07151380017586949,0.11314090007987804,0.30075,0.0071632071516784905,0.013717102850689894,22.0
bge,msmarco,nq,1000,1,2000,0.42856717171717174,0.0695271136103663,0.11073121414208593,0.2619166666666667,0.00608637386401247,0.011726036630848506,21.8
bge,msmarco,nq,1000,2,2000,0.42296089466089465,0.07049747645232893,0.11161837262584863,0.301875,0.007362562244788729,0.014131966703842062,21.6
bge,msmarco,nq,5000,0,2000,0.43508861000111,0.07485676509644487,0.11787178850611,0.36193511904761905,0.017253598649592902,0.03068443123747055,101.5
bge,msmarco,nq,5000,1,2000,0.4349466006216006,0.07676247862355468,0.12002326270942483,0.3715815476190476,0.017768831140012556,0.03160311712157567,102.8
bge,msmarco,nq,5000,2,2000,0.4281804972804973,0.07535739301970722,0.11781068029588139,0.37029047619047617,0.017011149574576542,0.030507075893195335,102.1
bge,nq,msmarco,200,0,2000,0.39847959956709955,0.06986681174471869,0.11663730108290755,0.09775,0.0031848965320102887,0.00613972357895492,6.6
bge,nq,msmarco,200,1,2000,0.37998982683982685,0.07246161468481986,0.11926233698567394,0.12,0.004091944193398128,0.007860093293996001,6.5
bge,nq,msmarco,200,2,2000,0.41180252525252525,0.07575188407551323,0.12533551824910172,0.0545,0.0018181109776245854,0.003504293839904104,6.5
bge,nq,msmarco,1000,0,2000,0.3875485014985015,0.07547697040789403,0.12374704684874512,0.07366666666666667,0.0028817649367222317,0.005449499482871699,22.5
bge,nq,msmarco,1000,1,2000,0.3846070082695082,0.07398935691023815,0.12144731934155115,0.04945833333333333,0.0019255722036647196,0.003675577836174187,22.7
bge,nq,msmarco,1000,2,2000,0.40267416472416473,0.076538468504502,0.12592898854089365,0.043416666666666666,0.0016570296788444862,0.0031599703222054327,22.8
bge,nq,msmarco,5000,0,2000,0.38996197829947826,0.08142925093861315,0.13156343652086197,0.25541825396825396,0.018036034616918772,0.03235373728195064,105.3
bge,nq,msmarco,5000,1,2000,0.39262240537240534,0.08173853301601856,0.13213443903029376,0.2576845238095238,0.018595822173967907,0.033322879991357135,112.9
bge,nq,msmarco,5000,2,2000,0.40109557664557666,0.0834464904076269,0.13491479300649176,0.2743559523809524,0.018577055831197595,0.033498290113376274,109.2
bge,nq,nq,200,0,2000,0.48347222222222225,0.06593254079320288,0.10819471960069788,0.28225,0.005810906648274855,0.011275172452847643,7.2
bge,nq,nq,200,1,2000,0.4601277417027417,0.06674671071453558,0.10836031303624673,0.326,0.007111675880381823,0.013678506063535874,6.6
bge,nq,nq,200,2,2000,0.4697009712509712,0.06710875040211901,0.1092772648893096,0.1975,0.004374017166415351,0.008455168189855873,6.9
bge,nq,nq,1000,0,2000,0.47936511405261406,0.07163477064167517,0.11566089377013203,0.24283333333333335,0.007792009640181637,0.014567736790260778,23.5
bge,nq,nq,1000,1,2000,0.4796925851925852,0.07037038884920845,0.11383659663409836,0.2786666666666667,0.008675744427442091,0.016163816075266756,24.0
bge,nq,nq,1000,2,2000,0.4802598470973471,0.07134786265404441,0.11524052497935766,0.2659166666666667,0.008445850536153545,0.015650792472307766,23.4
bge,nq,nq,5000,0,2000,0.5043189338439339,0.08727376372302628,0.13436830472527922,0.5165875,0.04284434179266564,0.06848530801966819,109.0
bge,nq,nq,5000,1,2000,0.5089942793317793,0.0871741647074707,0.13482381018541248,0.5107263888888889,0.042312951374289406,0.0684712149469061,106.4
bge,nq,nq,5000,2,2000,0.5150670537795539,0.08754130280674796,0.13562050028468703,0.5288083333333333,0.043376364505771405,0.07037543961833512,105.0
