seed,n_align,condition,rouge_l_precision,rouge_l_recall,rouge_l_f1,content_precision,content_recall,content_f1
0,50,unrotated,0.24900651640026641,0.06099702026636002,0.09573809145440239,0.0494915626040626,0.005559559812074884,0.009456758978567077
0,50,same_epoch,0.2538025536963037,0.06214618967645644,0.09744365649992875,0.05109770646020646,0.006151098738773817,0.010424059911842441
0,50,next_epoch,0.2033239343989344,0.05027533554200867,0.07863375215303775,0.010430815712065711,0.001644461068661464,0.0027155426154585353
0,100,unrotated,0.31308676254301254,0.07296341247378062,0.11567164491567018,0.11815925324675325,0.009359186222853578,0.016705195621411303
0,100,same_epoch,0.31326349414474414,0.07284539993243087,0.11552665058867864,0.11450525446775447,0.00873279197439169,0.01560131535857791
0,100,next_epoch,0.2715081043956044,0.06450229418675514,0.10170664899130452,0.023747438672438673,0.0018861859953477273,0.0033350626979319047
0,200,unrotated,0.352903798978799,0.08144388448515406,0.1294113394358564,0.14070238095238097,0.007992271593046035,0.014727390608303853
0,200,same_epoch,0.3529304327616828,0.08140241046604549,0.12936463575280915,0.14351488095238096,0.008300225882507983,0.015264604546787526
0,200,next_epoch,0.3159799485236985,0.07485581899272838,0.11816921252401769,0.031066666666666666,0.0020075780599448224,0.003640277657177858
0,500,unrotated,0.3611822774447775,0.08334382704533441,0.13233733404023046,0.17210714285714285,0.00891973964873763,0.01652022133270636
0,500,same_epoch,0.3623975337162837,0.08361541822510081,0.1328011844529615,0.1790482142857143,0.009357535006356534,0.01733637741503421
0,500,next_epoch,0.32123973318348314,0.07591327778644591,0.11976650380161175,0.05214424603174603,0.0026576361264600092,0.00490245001191154
0,1000,unrotated,0.374152109002109,0.08644721309918778,0.1372579692969592,0.20703333333333332,0.010702993631628525,0.019919399637370494
0,1000,same_epoch,0.37463014485514484,0.08677869621793963,0.13770633664148407,0.2058220238095238,0.011015168693006765,0.02040283555278822
0,1000,next_epoch,0.3371519785769786,0.0782527083438236,0.12396013912406609,0.08003869047619049,0.0036632881048448713,0.006853884827704224
1,50,unrotated,0.2528511974136974,0.061992071198936266,0.09715373692880254,0.04856744227994228,0.005790263890209647,0.009744843534522134
1,50,same_epoch,0.2502868783993784,0.06159690170160507,0.09650729175600978,0.04353899433899434,0.00588661189879494,0.009719780335848211
1,50,next_epoch,0.20990716505716506,0.05163391314306254,0.08083329814475905,0.015933272283272282,0.0018117890722026062,0.0030612278403673488
1,100,unrotated,0.3041345175657676,0.07463597109551208,0.1168829279324547,0.11536284826284826,0.009335125546637794,0.01644259428161952
1,100,same_epoch,0.3058988088300588,0.07522465903028654,0.11778585389265596,0.11006022033522034,0.00914563242582441,0.01612915339516028
1,100,next_epoch,0.2689924568487069,0.06637650810896824,0.10391525257488435,0.03367253302253302,0.0027161536846721647,0.004850230525572237
1,200,unrotated,0.3318490946553446,0.0796155343144512,0.12536940968779886,0.15849767316017316,0.010251003902783436,0.01868963857205796
1,200,same_epoch,0.3342386245698746,0.07982431500462496,0.12585812649651842,0.16317184343434343,0.010245280405509526,0.018715393163240068
1,200,next_epoch,0.3042714799089799,0.07344967330120006,0.1154967542126022,0.06254186507936509,0.0036950456815701663,0.0068061807988245215
1,500,unrotated,0.3595496198246198,0.08327638963391192,0.1321239993202891,0.17355793650793652,0.010579461858474318,0.01946367430153923
1,500,same_epoch,0.360463107031857,0.08327208368578418,0.13217219439938724,0.17157045454545453,0.010497353883594995,0.019282754657335588
1,500,next_epoch,0.31915512612387614,0.07570897057871194,0.11939498895710329,0.0738720238095238,0.0040108225717452,0.007417417710455312
1,1000,unrotated,0.37044623987123987,0.08491962371790021,0.13501956714624624,0.2145482142857143,0.012086675597641969,0.022418056223804207
1,1000,same_epoch,0.3708975357975358,0.08500955509516979,0.13516718711328454,0.2156875,0.01200219940419866,0.02225133156397847
1,1000,next_epoch,0.33520997613497616,0.07731455475606734,0.1226304834604632,0.08845119047619047,0.004030099767505389,0.007581727453426426
2,50,unrotated,0.24133787531912532,0.059472350560343355,0.09316928669252304,0.054878427128427124,0.00585125382451984,0.010079276070375518
2,50,same_epoch,0.23595427905427904,0.05841271054808208,0.0914022995576327,0.05703778166278166,0.006095996141572093,0.010484626304807529
2,50,next_epoch,0.1538451492951493,0.03835069584486433,0.059863000567008995,0.012686331723831724,0.002154190599645138,0.0034534743988079227
2,100,unrotated,0.30257270368520367,0.0717167682003664,0.11328016741707155,0.08533602508602509,0.0075615645548209294,0.013397302843815172
2,100,same_epoch,0.3022251519314019,0.07159183212318203,0.11306114173612197,0.09201154956154955,0.00783332415695212,0.01386151342318663
2,100,next_epoch,0.2485125,0.05936016066948093,0.09351356330361726,0.02339847236097236,0.0021207641174197647,0.003712615028208967
2,200,unrotated,0.3432107926795427,0.07859770006123523,0.12504798959107802,0.13133333333333333,0.008208006723330042,0.014993006833475628
2,200,same_epoch,0.34199432234432237,0.0783268631404069,0.12458840530816935,0.12508730158730158,0.008163479678365311,0.014842402490191163
2,200,next_epoch,0.3051180125430125,0.07103372253597465,0.11249102479828384,0.03929900793650793,0.0028015661156306527,0.00505438563818753
2,500,unrotated,0.35643626373626375,0.08034496028273788,0.12810492506238275,0.15342204184704183,0.00889905414134827,0.016352074100360995
2,500,same_epoch,0.3555470591908092,0.0804600945131273,0.12820331404510263,0.15404246031746033,0.0090161315287365,0.016586165069542733
2,500,next_epoch,0.3133516761016761,0.07164238626904773,0.11379290597358767,0.05308885836385836,0.003408867168784662,0.006187307018494297
2,1000,unrotated,0.3748662275224775,0.08680112816542339,0.13769939251945354,0.22719626623376624,0.0120196832884206,0.022309141541452675
2,1000,same_epoch,0.375476443001443,0.08707537059399469,0.13811500008864394,0.23150039682539683,0.012237611326157435,0.022713855802534058
2,1000,next_epoch,0.34121159257409256,0.07760453577352394,0.12346778864455586,0.09180119047619047,0.004107396236533185,0.007704234806219667
