seed,m_matched_rows,linked_P,stale_P,synced_P,linked_C,stale_C,synced_C
0,10,0.3429658466533467,0.3371519785769786,0.37463014485514484,0.08147938311688312,0.08003869047619049,0.2058220238095238
0,50,0.3601077290764791,0.3371519785769786,0.37463014485514484,0.10611924603174604,0.08003869047619049,0.2058220238095238
0,100,0.3665685148185148,0.3371519785769786,0.37463014485514484,0.1440797619047619,0.08003869047619049,0.2058220238095238
0,200,0.3731891358641359,0.3371519785769786,0.37463014485514484,0.18170714285714284,0.08003869047619049,0.2058220238095238
0,384,0.37461411921411925,0.3371519785769786,0.37463014485514484,0.2058220238095238,0.08003869047619049,0.2058220238095238
0,500,0.37463014485514484,0.3371519785769786,0.37463014485514484,0.2058220238095238,0.08003869047619049,0.2058220238095238
0,1000,0.37463014485514484,0.3371519785769786,0.37463014485514484,0.2058220238095238,0.08003869047619049,0.2058220238095238
0,5000,0.37463014485514484,0.3371519785769786,0.37463014485514484,0.2058220238095238,0.08003869047619049,0.2058220238095238
1,10,0.334748045010545,0.33520997613497616,0.3708975357975358,0.08395119047619047,0.08845119047619047,0.2156875
1,50,0.3520935175935176,0.33520997613497616,0.3708975357975358,0.10984583333333334,0.08845119047619047,0.2156875
1,100,0.36087208555333555,0.33520997613497616,0.3708975357975358,0.15830274725274726,0.08845119047619047,0.2156875
1,200,0.3670572261072261,0.33520997613497616,0.3708975357975358,0.20236829004329004,0.08845119047619047,0.2156875
1,384,0.3708975357975358,0.33520997613497616,0.3708975357975358,0.2156875,0.08845119047619047,0.2156875
1,500,0.3708975357975358,0.33520997613497616,0.3708975357975358,0.2156875,0.08845119047619047,0.2156875
1,1000,0.3708975357975358,0.33520997613497616,0.3708975357975358,0.2156875,0.08845119047619047,0.2156875
1,5000,0.3708975357975358,0.33520997613497616,0.3708975357975358,0.2156875,0.08845119047619047,0.2156875
2,10,0.3501045038295038,0.34121159257409256,0.375476443001443,0.09906031746031746,0.09180119047619047,0.23150039682539683
2,50,0.3600842123154623,0.34121159257409256,0.375476443001443,0.14211984126984126,0.09180119047619047,0.23150039682539683
2,100,0.36851693376068373,0.34121159257409256,0.375476443001443,0.16639642857142858,0.09180119047619047,0.23150039682539683
2,200,0.3730177988677989,0.34121159257409256,0.375476443001443,0.20595059523809525,0.09180119047619047,0.23150039682539683
2,384,0.375476443001443,0.34121159257409256,0.375476443001443,0.23150039682539683,0.09180119047619047,0.23150039682539683
2,500,0.375476443001443,0.34121159257409256,0.375476443001443,0.23150039682539683,0.09180119047619047,0.23150039682539683
2,1000,0.375476443001443,0.34121159257409256,0.375476443001443,0.23150039682539683,0.09180119047619047,0.23150039682539683
2,5000,0.375476443001443,0.34121159257409256,0.375476443001443,0.23150039682539683,0.09180119047619047,0.23150039682539683
