encoder,attacker,n_align,seed,n_test,rouge_l_precision,rouge_l_recall,rouge_l_f1,content_precision,content_recall,content_f1,heldout_bce,fit_seconds
vanilla,linearprobe,200,0,2000,0.352903798978799,0.08144388448515406,0.1294113394358564,0.14070238095238097,0.007992271593046035,0.014727390608303853,0.44884437322616577,4.1
vanilla,linearprobe,200,1,2000,0.3318490946553446,0.0796155343144512,0.12536940968779886,0.15849767316017316,0.010251003902783436,0.01868963857205796,0.44999435544013977,3.5
vanilla,linearprobe,200,2,2000,0.3432107926795427,0.07859770006123523,0.12504798959107802,0.13133333333333333,0.008208006723330042,0.014993006833475628,0.45381322503089905,3.5
vanilla,mlp,200,0,2000,0.3825363636363636,0.0796151732804185,0.12904323143472987,0.0,0.0,0.0,,5.0
vanilla,linearprobe,1000,0,2000,0.374152109002109,0.08644721309918778,0.1372579692969592,0.20703333333333332,0.010702993631628525,0.019919399637370494,0.15823668241500854,19.7
vanilla,linearprobe,1000,1,2000,0.37044623987123987,0.08491962371790021,0.13501956714624624,0.2145482142857143,0.012086675597641969,0.022418056223804207,0.15727147459983826,20.1
vanilla,linearprobe,1000,2,2000,0.3748662275224775,0.08680112816542339,0.13769939251945354,0.22719626623376624,0.0120196832884206,0.022309141541452675,0.15958496928215027,14.9
vanilla,mlp,1000,0,2000,0.3598278166278166,0.08542032843650191,0.1347514617613304,0.24947837301587303,0.018645395210288417,0.033512742353586325,,33.7
vanilla,linearprobe,5000,0,2000,0.39069757187257187,0.09094454559290205,0.14404613733052885,0.3797630952380952,0.027712490418339113,0.050175768876178056,0.012925439514219761,109.5
vanilla,linearprobe,5000,1,2000,0.3935975163725164,0.09249482910406391,0.14627006779817853,0.38726785714285716,0.02853732864007036,0.05166413988369805,0.012916240841150284,52.7
vanilla,linearprobe,5000,2,2000,0.3884920884670885,0.09107909083210429,0.14403682620050967,0.3742857142857143,0.02707862835486539,0.04910269913572291,0.012999641709029675,45.3
vanilla,mlp,5000,0,2000,0.3548090173715174,0.08580333756756708,0.1347117936839718,0.3235239094239094,0.043003914092028674,0.07244878018347312,,63.6
vanilla,linearprobe,10000,0,2000,0.4056126665001665,0.0981851517332532,0.15421367495720922,0.48155555555555557,0.0496491012007909,0.08697764675169066,0.0064424555748701096,130.7
vanilla,linearprobe,10000,1,2000,0.402514898989899,0.09651048956102824,0.15194455360582293,0.46535535714285714,0.04921635628736992,0.08597729245902132,0.0064562479965388775,152.4
vanilla,linearprobe,10000,2,2000,0.4050316447441447,0.0980547556195925,0.1539447836644428,0.4674605158730159,0.0486336868875536,0.0850509672474456,0.006430209148675203,146.4
vanilla,mlp,10000,0,2000,0.35754951506826504,0.08739270550252592,0.1367884915409134,0.32625080336330337,0.056824215663698344,0.09225013691465402,,124.2
vanilla,linearprobe,40000,0,2000,0.42052535103785105,0.10500351632738633,0.16384325069733308,0.46885901875901875,0.08313276822159078,0.13641663706744556,0.005289964843541384,346.6
vanilla,mlp,40000,0,2000,0.37567457264957266,0.09293213604755354,0.14512842281171,0.3461959457209457,0.08847331291773348,0.13515372695410954,,488.5
advenc_v1_cpu,linearprobe,200,0,2000,0.3598702221389722,0.08147587214377532,0.12990931046850338,0.11871212121212121,0.005354008474511811,0.009996575225312145,0.38640397787094116,3.6
advenc_v1_cpu,linearprobe,200,1,2000,0.33870961954711953,0.08078251570158289,0.12735787292266046,0.17137916666666667,0.008349402527645601,0.01558386632834072,0.3818396031856537,3.4
advenc_v1_cpu,linearprobe,200,2,2000,0.3533164446664447,0.07914369574243071,0.1264027118112085,0.10456666666666667,0.005371456451321557,0.00996250208749952,0.38609933853149414,3.5
advenc_v1_cpu,mlp,200,0,2000,0.38230000000000003,0.07961390444265162,0.12902849122555493,0.0,0.0,0.0,,4.8
advenc_v1_cpu,linearprobe,1000,0,2000,0.37379873737373737,0.08551924793968974,0.13598128412730398,0.17016346153846154,0.007764767480102061,0.01449329976251384,0.10789529979228973,9.9
advenc_v1_cpu,linearprobe,1000,1,2000,0.3681237727550227,0.0839128107678031,0.13352794230753573,0.1738670634920635,0.009167483304644179,0.016847606488726772,0.10776519030332565,10.1
advenc_v1_cpu,linearprobe,1000,2,2000,0.37532753635253635,0.0861920318601492,0.13691766524794288,0.1930714285714286,0.0091331074440889,0.016968362339207503,0.1069684699177742,9.9
advenc_v1_cpu,mlp,1000,0,2000,0.36652335997335994,0.0855324850227101,0.1353536724399622,0.24943194444444444,0.018068766929017432,0.032671804509320806,,14.1
advenc_v1_cpu,linearprobe,5000,0,2000,0.38817379981129985,0.09047604817871638,0.14312037299727176,0.359425,0.027440322608851604,0.04919219254081697,0.010677376762032509,43.1
advenc_v1_cpu,linearprobe,5000,1,2000,0.39125140137640135,0.09197224962053502,0.14541919314377735,0.3718547619047619,0.02866065407114501,0.05115940209396766,0.010902471840381622,43.5
advenc_v1_cpu,linearprobe,5000,2,2000,0.3853724983349983,0.09016742802629141,0.14262813139700614,0.3473051587301587,0.026195627376598845,0.04698241741162479,0.010690628550946712,43.1
advenc_v1_cpu,mlp,5000,0,2000,0.35645094627594626,0.08622871638279184,0.1354293839809846,0.3285920288045288,0.04303331017287888,0.07269343271939953,,61.1
advenc_v1_cpu,linearprobe,10000,0,2000,0.4052489663114663,0.09840802366260712,0.15435632777717218,0.45740701659451655,0.04894377779357882,0.08483912269701692,0.006585294380784035,96.5
advenc_v1_cpu,linearprobe,10000,1,2000,0.3985944166944167,0.0956400815869567,0.15050998731770182,0.4544448593073593,0.04856591492113735,0.08413379734771252,0.00661545991897583,85.8
advenc_v1_cpu,linearprobe,10000,2,2000,0.40283062215562215,0.09737677239817813,0.1528780087489389,0.4548431277056277,0.04784021262508822,0.08307908007844388,0.0065819802694022655,83.8
advenc_v1_cpu,mlp,10000,0,2000,0.3553322163947164,0.08745317566475912,0.13685508006311298,0.3314010503385504,0.05679444977847185,0.09228568233858273,,119.4
advenc_v1_cpu,linearprobe,40000,0,2000,0.4182396062271062,0.10454147509493314,0.16302588339823756,0.46560651154401156,0.081027160442246,0.1328110305249136,0.005413307808339596,334.9
advenc_v1_cpu,mlp,40000,0,2000,0.37616983225108225,0.09365531173570503,0.1460626862466186,0.3437584484959485,0.08761516540835522,0.13406532545780775,,493.2
advenc_v2_cpu,linearprobe,200,0,2000,0.386267254967255,0.08017782104193592,0.1299356556588087,0.02625,0.0009646409173749854,0.0018480235277828427,0.1745709329843521,3.5
advenc_v2_cpu,linearprobe,200,1,2000,0.34474738594738596,0.08183030855184113,0.1292144157794893,0.210125,0.008803276902911081,0.01667529581959558,0.17465537786483765,3.6
advenc_v2_cpu,linearprobe,200,2,2000,0.3740811799311799,0.07816679277665703,0.12655657247699387,0.08116666666666666,0.0039852967390814455,0.0074876286509047525,0.175809845328331,3.7
advenc_v2_cpu,mlp,200,0,2000,0.3821818181818182,0.07959663925224297,0.12900606533144615,0.0,0.0,0.0,,4.9
advenc_v2_cpu,linearprobe,1000,0,2000,0.38299103674103674,0.08659722734948759,0.13801714995714506,0.19235833333333333,0.00980824224810068,0.01830011550310364,0.02949499897658825,10.3
advenc_v2_cpu,linearprobe,1000,1,2000,0.3746205572205572,0.08422428386682998,0.13442516747116126,0.19450833333333334,0.010187912779089212,0.018959316143044923,0.03011653944849968,10.0
advenc_v2_cpu,linearprobe,1000,2,2000,0.3803504745254745,0.08641121546585549,0.13757510368847228,0.2095,0.01066469378922073,0.019966089892295893,0.030263638123869896,10.3
advenc_v2_cpu,mlp,1000,0,2000,0.3729348235098235,0.08695511279667402,0.13773629341907614,0.21566666666666665,0.013927319166398736,0.02549507348867466,,14.3
advenc_v2_cpu,linearprobe,5000,0,2000,0.3885987900987901,0.09040247237503615,0.14310825086856352,0.356377380952381,0.02620632494131709,0.04693741925926198,0.007725830655544996,44.0
advenc_v2_cpu,linearprobe,5000,1,2000,0.3901509296259296,0.09184338466762457,0.14503738316242337,0.3757700396825397,0.027802641037140412,0.04991240138702462,0.007732096593827009,43.7
advenc_v2_cpu,linearprobe,5000,2,2000,0.3868638597513598,0.09081059830576867,0.14347380510455454,0.37338710317460316,0.02736281576243303,0.04923997147462969,0.007711795158684254,43.1
advenc_v2_cpu,mlp,5000,0,2000,0.3527340492840493,0.0854851710701423,0.13422779908172378,0.3192507936507936,0.035987423833011685,0.061492105027451976,,62.9
advenc_v2_cpu,linearprobe,10000,0,2000,0.39948488455988457,0.09683068323536886,0.1519008144273966,0.44763392857142853,0.04222684986068972,0.07350796920531322,0.006769056897610426,85.0
advenc_v2_cpu,linearprobe,10000,1,2000,0.3939898948273948,0.09456076875972513,0.14858641758807842,0.4350654761904762,0.04177146806205983,0.07238207294468003,0.006768724415451288,87.0
advenc_v2_cpu,linearprobe,10000,2,2000,0.39831297452547454,0.09633639133265709,0.15120685712799606,0.4561375901875902,0.0423573654050457,0.07376379716002217,0.0067520663142204285,85.2
advenc_v2_cpu,mlp,10000,0,2000,0.34978393342768344,0.08665721074333814,0.13539074394982165,0.3130017135642136,0.046775393063696,0.07735956670570224,,120.4
advenc_v2_cpu,linearprobe,40000,0,2000,0.40881783494283497,0.10284128362348038,0.15999471410391575,0.46814476911976916,0.0705146619160852,0.11583506940689733,0.005719838198274374,341.1
advenc_v2_cpu,mlp,40000,0,2000,0.3679368277555778,0.09313719147277408,0.14474321778493732,0.3243024766899767,0.07786002207838862,0.11982303024856011,,481.9
advenc_v2_gpu50k,linearprobe,200,0,2000,0.33898839701964706,0.07667216904860082,0.12219763610683407,0.07531667221667222,0.0032995799559668404,0.006144596081216157,0.4265688955783844,3.6
advenc_v2_gpu50k,linearprobe,200,1,2000,0.31728234543234546,0.07563812535845373,0.11927523077163688,0.0985922619047619,0.005445511962691818,0.010056191971979307,0.4211244583129883,3.5
advenc_v2_gpu50k,linearprobe,200,2,2000,0.3285905892718393,0.0746614103016576,0.11878480366904204,0.07148948412698412,0.0037753370560879265,0.00700295594624053,0.42389169335365295,3.5
advenc_v2_gpu50k,mlp,200,0,2000,0.3822590909090909,0.07956762395476936,0.12896147092880564,0.0,0.0,0.0,,4.6
advenc_v2_gpu50k,linearprobe,1000,0,2000,0.35798835331335327,0.0811753013790762,0.12926615768743713,0.09258333333333332,0.0038343261305137156,0.007272010499793475,0.13236868381500244,10.2
advenc_v2_gpu50k,linearprobe,1000,1,2000,0.35116919469419466,0.07925138947342486,0.12629169108968533,0.09658333333333333,0.0037046697908006093,0.007054715690717022,0.13101737201213837,10.3
advenc_v2_gpu50k,linearprobe,1000,2,2000,0.36013794538794536,0.08183767769208554,0.13024017693622103,0.12104166666666667,0.004377480114797525,0.008381279066627181,0.1333080530166626,10.3
advenc_v2_gpu50k,mlp,1000,0,2000,0.3432025335775336,0.07874525903180428,0.12501321223524225,0.09514166666666667,0.005021216729763691,0.009342158994352518,,13.9
advenc_v2_gpu50k,linearprobe,5000,0,2000,0.3569049506049506,0.07935287530094999,0.12686851676546873,0.07179166666666667,0.00325202236463031,0.006133780437406111,0.012216889299452305,43.1
advenc_v2_gpu50k,linearprobe,5000,1,2000,0.36166559829059824,0.08202568359743659,0.13060518535510207,0.10766666666666667,0.004836826070804393,0.009111619815265091,0.012207712978124619,43.1
advenc_v2_gpu50k,linearprobe,5000,2,2000,0.3635910853035853,0.0811836565380022,0.12963495551894297,0.07058333333333333,0.0030617047349291602,0.005799484259504616,0.012116389349102974,43.4
advenc_v2_gpu50k,mlp,5000,0,2000,0.29686225094350094,0.07016298618111534,0.11074306662843547,0.08660634643134642,0.007926520744178406,0.013403693617902135,,63.2
advenc_v2_gpu50k,linearprobe,10000,0,2000,0.3689089077589078,0.08405744856914606,0.133689701618974,0.12579166666666666,0.005539034968904282,0.010464323088223476,0.00798400491476059,85.2
advenc_v2_gpu50k,linearprobe,10000,1,2000,0.3651914418914419,0.08175684033516906,0.1305027171490203,0.08040833333333333,0.00385022084478054,0.007226203921412247,0.00800336617976427,85.1
advenc_v2_gpu50k,linearprobe,10000,2,2000,0.36913829503829504,0.08371180165550902,0.1332417541569796,0.10541666666666667,0.004522536696128215,0.008532269572034717,0.007987099699676037,84.4
advenc_v2_gpu50k,mlp,10000,0,2000,0.2923409985847486,0.06966495345983349,0.1098341086550816,0.07648771506271507,0.009668021072110181,0.01581397197694482,,121.8
advenc_v2_gpu50k,linearprobe,40000,0,2000,0.3734113636363637,0.08556301172780136,0.13592999935346536,0.13404166666666667,0.006632798474618477,0.012353482979167748,0.007699165493249893,333.0
advenc_v2_gpu50k,mlp,40000,0,2000,0.3241421002608503,0.07703902270591297,0.12145282544757886,0.09018245365745364,0.015610231997165682,0.02464416421546766,,477.7
advenc_v1_gpu50k,linearprobe,200,0,2000,0.3515291194916195,0.07895156258294325,0.125936651497667,0.09611870490620492,0.005321016661174769,0.009680306864327139,0.4072984457015991,3.5
advenc_v1_gpu50k,linearprobe,200,1,2000,0.32712007783882785,0.07755236197009972,0.12236970184323484,0.1470195568320568,0.00788907645232612,0.01446945737020716,0.41220033168792725,3.5
advenc_v1_gpu50k,linearprobe,200,2,2000,0.3418098998223998,0.07701602428183646,0.12278483228367823,0.09845030525030525,0.0060641470405555795,0.011054934808152912,0.41798311471939087,3.3
advenc_v1_gpu50k,mlp,200,0,2000,0.3827,0.07965183140636131,0.1291158163101513,0.0,0.0,0.0,,4.4
advenc_v1_gpu50k,linearprobe,1000,0,2000,0.3676320394882895,0.08433006471374997,0.1339219510494125,0.164128841991342,0.00839105536109719,0.015401289285780682,0.132492795586586,9.6
advenc_v1_gpu50k,linearprobe,1000,1,2000,0.36008736749361747,0.08155389909683508,0.12994239005160158,0.17065807942057942,0.00869027962228143,0.016083511831271026,0.13123437762260437,9.5
advenc_v1_gpu50k,linearprobe,1000,2,2000,0.37082149239649237,0.08456314080102226,0.1345098704947379,0.1988793831168831,0.00949516686950562,0.017715536003770953,0.12978896498680115,9.5
advenc_v1_gpu50k,mlp,1000,0,2000,0.3537720931845932,0.08305033315253715,0.13126479768523075,0.21697857142857144,0.016228580063770218,0.029228691157311176,,13.4
advenc_v1_gpu50k,linearprobe,5000,0,2000,0.3802228008103008,0.0877923165684879,0.13920978782080468,0.3213511904761905,0.022750596156540098,0.04116803338975243,0.011855893768370152,41.2
advenc_v1_gpu50k,linearprobe,5000,1,2000,0.38083895271395274,0.08889360135597359,0.14059983859768488,0.34430059523809525,0.024901111736787288,0.04481855993963282,0.012063409201800823,42.1
advenc_v1_gpu50k,linearprobe,5000,2,2000,0.3807278638028638,0.0884179332310004,0.14006577847730833,0.32342321428571424,0.02294628216201205,0.04147800572136745,0.01182381622493267,41.1
advenc_v1_gpu50k,mlp,5000,0,2000,0.33835107947607945,0.0801207414411941,0.12625171732249552,0.29528279637029636,0.04078979531160103,0.0680099564037692,,58.6
advenc_v1_gpu50k,linearprobe,10000,0,2000,0.39518778860028864,0.09483325105747946,0.14919076300968417,0.4403597222222222,0.04350112356949599,0.07626012801697628,0.006756723392754793,79.9
advenc_v1_gpu50k,linearprobe,10000,1,2000,0.3874991702741703,0.09187069502333567,0.14489556138216633,0.4232656746031746,0.04235903027145381,0.07427631420500858,0.006778836715966463,79.9
advenc_v1_gpu50k,linearprobe,10000,2,2000,0.3949350122100122,0.09427676925052161,0.14847982406734067,0.4386845238095238,0.042145705065682874,0.07404542494469038,0.006738115102052689,80.1
advenc_v1_gpu50k,mlp,10000,0,2000,0.34178921217671215,0.08392346009188693,0.1312774052775015,0.29623941475191473,0.05366033545491818,0.08628861841308802,,113.4
advenc_v1_gpu50k,linearprobe,40000,0,2000,0.41083846015096015,0.10182661983517732,0.15903294265693943,0.46508194444444445,0.07454739387258692,0.12392788607847248,0.0056793238036334515,318.3
advenc_v1_gpu50k,mlp,40000,0,2000,0.36487909104784105,0.089699133101845,0.14027393323376072,0.3282702075702076,0.08430589517526911,0.12866072965848396,,446.4
